transaction_id,customer_id,amount,transaction_type,timestamp
T00001,C0086,310695.59,CRYPTO,2026-05-11 09:33:41.451237
T00002,C0056,120393.28,PAYMENT,2026-05-28 23:51:58.116175
T00003,C0053,72612.9,TRANSFER,2026-04-02 06:29:19.480485
T00004,C0061,334213.5,WITHDRAWAL,2026-03-29 23:56:19.901183
T00005,C0066,335782.95,CRYPTO,2026-05-03 03:40:47.328841
T00006,C0092,29580.48,CRYPTO,2026-01-07 23:27:10.160433
T00007,C0061,30574.48,TRANSFER,2026-06-01 02:42:21.474019
T00008,C0080,304082.67,WITHDRAWAL,2026-02-09 20:58:53.827370
T00009,C0091,255607.95,WITHDRAWAL,2026-05-27 08:12:25.286742
T00010,C0093,307810.29,PAYMENT,2026-06-06 02:24:16.322843
T00011,C0037,339804.22,CRYPTO,2026-03-07 00:50:36.513510
T00012,C0023,25310.13,WITHDRAWAL,2026-05-05 21:26:38.798621
T00013,C0065,276048.84,WITHDRAWAL,2026-05-05 22:15:20.437225
T00014,C0015,327001.67,CRYPTO,2026-02-26 20:37:44.605312
T00015,C0002,310354.09,PAYMENT,2026-03-31 02:41:28.122191
T00016,C0100,47705.55,TRANSFER,2026-06-04 05:46:16.993415
T00017,C0077,403462.94,CRYPTO,2026-05-27 17:59:17.564281
T00018,C0044,445329.29,WITHDRAWAL,2026-04-06 18:17:35.554820
T00019,C0076,27099.36,CRYPTO,2026-05-11 07:19:44.903105
T00020,C0067,345638.27,WITHDRAWAL,2026-03-13 18:11:53.595905
T00021,C0040,155781.15,PAYMENT,2026-05-21 00:29:44.478521
T00022,C0023,245591.0,TRANSFER,2026-05-16 23:52:44.442815
T00023,C0033,73469.47,PAYMENT,2026-05-31 14:06:12.382857
T00024,C0050,333494.52,PAYMENT,2026-06-02 20:14:04.326567
T00025,C0040,36446.02,PAYMENT,2026-03-18 16:17:58.328936
T00026,C0071,170184.63,PAYMENT,2026-05-24 00:42:06.874494
T00027,C0098,101788.27,CRYPTO,2026-05-29 15:48:08.357057
T00028,C0053,33188.95,PAYMENT,2026-06-09 08:50:02.540824
T00029,C0042,450581.12,PAYMENT,2026-05-29 12:42:58.438489
T00030,C0080,372989.35,WITHDRAWAL,2026-05-06 11:25:54.381411
T00031,C0027,133280.86,CRYPTO,2026-05-09 04:39:37.184474
T00032,C0056,437637.87,CRYPTO,2026-06-07 11:42:39.590463
T00033,C0091,429585.76,WITHDRAWAL,2026-05-18 02:32:51.586614
T00034,C0087,425627.28,PAYMENT,2026-03-01 06:32:35.108704
T00035,C0092,261791.51,PAYMENT,2026-04-01 05:25:57.454977
T00036,C0021,350215.43,CRYPTO,2026-01-28 12:24:47.143828
T00037,C0050,352153.08,TRANSFER,2026-03-21 19:21:46.824296
T00038,C0058,283887.62,WITHDRAWAL,2026-02-02 06:37:59.234389
T00039,C0050,33703.05,PAYMENT,2026-05-29 18:15:10.082699
T00040,C0005,369979.75,CRYPTO,2026-06-09 05:34:44.346874
T00041,C0006,353623.35,PAYMENT,2026-06-13 04:21:21.586308
T00042,C0062,495984.65,WITHDRAWAL,2026-02-19 17:32:26.548722
T00043,C0085,52425.3,TRANSFER,2026-01-15 13:10:31.842971
T00044,C0046,52602.94,WITHDRAWAL,2026-05-27 21:10:53.429850
T00045,C0028,490994.34,CRYPTO,2026-05-24 19:44:13.185073
T00046,C0088,219518.23,TRANSFER,2026-02-04 03:06:32.965054
T00047,C0011,409801.33,WITHDRAWAL,2026-05-28 13:45:42.548260
T00048,C0004,337131.61,WITHDRAWAL,2026-04-06 03:47:37.884662
T00049,C0082,399835.41,CRYPTO,2026-04-20 06:52:20.814025
T00050,C0035,138268.61,PAYMENT,2026-06-04 23:17:18.279456
T00051,C0058,96974.72,CRYPTO,2026-03-11 17:27:07.302619
T00052,C0090,470417.0,PAYMENT,2026-01-25 17:32:23.427761
T00053,C0036,20728.61,CRYPTO,2026-04-12 13:11:39.764047
T00054,C0089,269763.51,PAYMENT,2026-01-11 15:14:38.188198
T00055,C0005,178199.97,PAYMENT,2026-04-01 01:04:30.001722
T00056,C0067,178673.37,PAYMENT,2026-02-14 09:23:35.693543
T00057,C0041,241685.45,PAYMENT,2026-01-24 01:15:06.425726
T00058,C0082,172515.84,TRANSFER,2026-01-31 10:09:41.772076
T00059,C0073,355188.29,PAYMENT,2026-06-09 03:45:30.070947
T00060,C0045,271027.16,PAYMENT,2026-01-13 00:07:30.655628
T00061,C0074,442695.04,PAYMENT,2026-01-08 20:22:29.838849
T00062,C0037,149701.62,CRYPTO,2026-05-17 22:30:33.215303
T00063,C0035,12452.53,WITHDRAWAL,2026-05-07 10:52:38.698553
T00064,C0063,340295.55,PAYMENT,2026-04-11 16:57:09.310523
T00065,C0079,445773.34,TRANSFER,2026-05-16 21:04:43.962826
T00066,C0088,399919.15,CRYPTO,2026-03-16 17:51:26.648620
T00067,C0013,426788.0,WITHDRAWAL,2026-01-21 10:38:43.996132
T00068,C0071,58470.71,PAYMENT,2026-02-12 07:57:14.613737
T00069,C0083,132389.26,CRYPTO,2026-06-04 00:47:59.689803
T00070,C0077,338929.81,CRYPTO,2026-06-02 16:22:01.634363
T00071,C0080,243834.06,PAYMENT,2026-04-19 19:46:18.418541
T00072,C0032,182748.52,TRANSFER,2026-04-30 09:12:20.867333
T00073,C0088,214571.43,TRANSFER,2026-01-22 23:21:51.775203
T00074,C0096,497956.46,WITHDRAWAL,2026-04-14 18:34:18.151700
T00075,C0044,231838.82,WITHDRAWAL,2026-02-18 16:29:04.178921
T00076,C0096,343643.72,WITHDRAWAL,2026-05-05 09:04:05.355530
T00077,C0064,4980.07,PAYMENT,2026-01-20 05:04:37.522682
T00078,C0100,104592.4,WITHDRAWAL,2026-02-23 18:47:02.467912
T00079,C0048,194981.41,WITHDRAWAL,2026-03-09 21:01:23.083353
T00080,C0035,240396.59,CRYPTO,2026-01-06 20:34:02.981319
T00081,C0010,213897.24,TRANSFER,2026-02-20 09:31:06.103706
T00082,C0056,300629.13,WITHDRAWAL,2026-01-13 19:27:18.922533
T00083,C0029,498917.34,WITHDRAWAL,2026-05-26 20:01:31.473061
T00084,C0033,318700.39,CRYPTO,2026-06-02 03:09:33.830863
T00085,C0041,214683.95,CRYPTO,2026-01-08 19:44:45.987170
T00086,C0099,84255.32,TRANSFER,2026-02-19 01:13:32.768626
T00087,C0023,133924.87,CRYPTO,2026-05-21 03:58:40.804512
T00088,C0073,123995.72,PAYMENT,2026-04-10 21:47:11.278955
T00089,C0040,156894.8,PAYMENT,2026-03-14 20:36:02.410740
T00090,C0019,79917.57,TRANSFER,2026-02-10 22:38:25.549785
T00091,C0078,86399.51,TRANSFER,2026-05-02 23:10:54.519940
T00092,C0065,469775.98,WITHDRAWAL,2026-05-15 20:58:20.139807
T00093,C0072,147975.34,PAYMENT,2026-05-04 15:27:49.973572
T00094,C0075,142536.32,CRYPTO,2026-02-23 10:26:55.458204
T00095,C0066,50328.38,CRYPTO,2026-01-17 01:55:44.745075
T00096,C0099,285548.6,TRANSFER,2026-05-16 17:05:48.117247
T00097,C0061,284137.31,PAYMENT,2026-04-28 01:42:52.682449
T00098,C0026,222107.33,TRANSFER,2026-04-11 03:00:47.642442
T00099,C0020,57821.19,CRYPTO,2026-05-18 03:46:46.437999
T00100,C0033,254205.05,CRYPTO,2026-05-19 11:36:03.906804
T00101,C0017,203169.54,WITHDRAWAL,2026-02-25 05:24:01.167957
T00102,C0056,328285.69,PAYMENT,2026-03-18 17:30:33.345221
T00103,C0021,128712.47,CRYPTO,2026-06-02 06:40:00.952094
T00104,C0008,181938.57,WITHDRAWAL,2026-06-08 21:21:38.800338
T00105,C0012,454292.75,WITHDRAWAL,2026-01-09 00:47:32.111807
T00106,C0087,234155.83,TRANSFER,2026-03-31 11:08:58.426182
T00107,C0018,422325.45,TRANSFER,2026-04-10 22:26:51.843453
T00108,C0018,482032.23,PAYMENT,2026-01-31 10:11:42.152303
T00109,C0041,85802.64,TRANSFER,2026-01-27 22:56:06.436323
T00110,C0005,138713.07,PAYMENT,2026-06-11 11:13:39.922690
T00111,C0085,13794.6,PAYMENT,2026-02-24 23:08:15.067731
T00112,C0071,100120.14,CRYPTO,2026-05-27 09:50:50.835936
T00113,C0088,251734.23,WITHDRAWAL,2026-03-17 01:53:28.229761
T00114,C0041,208668.35,PAYMENT,2026-02-20 14:01:30.001973
T00115,C0093,165573.23,TRANSFER,2026-04-07 00:55:59.475411
T00116,C0007,393854.45,CRYPTO,2026-02-17 11:00:10.652187
T00117,C0094,361886.5,WITHDRAWAL,2026-02-19 11:55:04.365799
T00118,C0022,172568.48,TRANSFER,2026-03-22 08:56:06.715486
T00119,C0005,46530.46,WITHDRAWAL,2026-03-04 15:43:41.906193
T00120,C0033,324878.42,TRANSFER,2026-02-16 22:48:03.031688
T00121,C0029,109639.79,TRANSFER,2026-02-15 16:17:07.483476
T00122,C0057,319126.45,TRANSFER,2026-05-11 04:33:03.743158
T00123,C0094,133442.49,WITHDRAWAL,2026-05-26 13:29:52.519090
T00124,C0032,188002.52,WITHDRAWAL,2026-05-09 03:52:16.895378
T00125,C0076,51607.83,CRYPTO,2026-03-08 06:22:04.610502
T00126,C0063,378479.86,PAYMENT,2026-06-11 16:40:52.540825
T00127,C0097,210734.94,PAYMENT,2026-03-25 16:10:23.935510
T00128,C0063,136204.94,CRYPTO,2026-03-11 07:34:25.495997
T00129,C0050,113218.01,WITHDRAWAL,2026-02-17 03:47:38.974028
T00130,C0049,5690.8,CRYPTO,2026-01-21 11:18:21.966265
T00131,C0046,383183.07,TRANSFER,2026-01-31 04:32:18.754525
T00132,C0021,364526.41,TRANSFER,2026-06-12 23:23:15.387537
T00133,C0001,445510.22,WITHDRAWAL,2026-01-29 15:05:49.356147
T00134,C0024,98185.68,PAYMENT,2026-05-27 22:41:11.897805
T00135,C0078,498007.23,TRANSFER,2026-04-17 19:57:49.505153
T00136,C0020,229315.04,WITHDRAWAL,2026-03-07 17:56:16.455775
T00137,C0047,102638.94,CRYPTO,2026-01-08 18:10:29.153444
T00138,C0068,110801.77,CRYPTO,2026-03-06 14:16:25.153259
T00139,C0064,177560.98,TRANSFER,2026-05-29 09:06:13.989186
T00140,C0095,205962.77,TRANSFER,2026-04-21 05:08:19.718835
T00141,C0031,471363.88,WITHDRAWAL,2026-05-20 02:18:50.325829
T00142,C0042,217411.95,WITHDRAWAL,2026-02-04 14:26:56.785476
T00143,C0075,213628.61,TRANSFER,2026-03-30 07:44:32.156450
T00144,C0014,307236.83,PAYMENT,2026-05-02 10:00:53.138775
T00145,C0032,266569.08,TRANSFER,2026-02-20 12:29:34.551091
T00146,C0050,46785.82,CRYPTO,2026-01-08 22:23:54.387800
T00147,C0070,461866.07,WITHDRAWAL,2026-04-24 05:36:58.170949
T00148,C0057,128411.07,TRANSFER,2026-05-16 04:38:47.908517
T00149,C0093,46954.61,TRANSFER,2026-05-03 13:05:16.630912
T00150,C0100,54287.94,WITHDRAWAL,2026-03-27 14:06:14.560932
T00151,C0031,186905.08,CRYPTO,2026-05-14 12:19:30.085054
T00152,C0086,6060.13,PAYMENT,2026-01-24 14:43:40.367902
T00153,C0076,240317.49,PAYMENT,2026-02-06 16:48:39.564626
T00154,C0092,498499.26,PAYMENT,2026-01-06 14:28:41.132717
T00155,C0060,464741.88,TRANSFER,2026-05-16 01:10:25.854060
T00156,C0042,250619.61,WITHDRAWAL,2026-01-04 10:18:29.640480
T00157,C0064,446259.21,PAYMENT,2026-02-06 02:47:00.717378
T00158,C0079,58865.31,TRANSFER,2026-05-15 13:00:29.100239
T00159,C0048,304945.63,TRANSFER,2026-05-18 22:30:38.743924
T00160,C0096,362420.46,CRYPTO,2026-03-11 15:19:53.498328
T00161,C0064,92094.12,WITHDRAWAL,2026-02-17 07:11:27.149617
T00162,C0008,63477.07,CRYPTO,2026-01-06 02:28:46.563666
T00163,C0096,406538.59,PAYMENT,2026-01-15 00:25:19.505659
T00164,C0060,108339.91,CRYPTO,2026-04-25 18:38:04.852725
T00165,C0047,107639.71,PAYMENT,2026-01-24 17:38:41.154542
T00166,C0066,423750.35,TRANSFER,2026-03-15 13:19:12.624044
T00167,C0066,191328.17,TRANSFER,2026-02-16 12:21:31.218162
T00168,C0017,278163.28,CRYPTO,2026-02-28 20:31:04.834732
T00169,C0021,280753.62,PAYMENT,2026-06-01 16:02:31.276002
T00170,C0100,258310.33,WITHDRAWAL,2026-06-04 17:37:07.883873
T00171,C0067,243852.41,CRYPTO,2026-01-20 21:05:25.597169
T00172,C0071,324001.21,PAYMENT,2026-05-31 05:09:29.230789
T00173,C0098,475429.46,PAYMENT,2026-03-02 14:24:54.495544
T00174,C0062,197636.02,PAYMENT,2026-04-23 11:49:09.574947
T00175,C0073,269160.77,WITHDRAWAL,2026-05-10 12:52:57.947225
T00176,C0060,415151.53,TRANSFER,2026-05-23 10:08:47.538299
T00177,C0042,121853.92,CRYPTO,2026-03-28 11:14:04.806481
T00178,C0067,77080.52,CRYPTO,2026-03-07 17:33:15.209089
T00179,C0038,345814.1,PAYMENT,2026-01-18 00:07:08.726552
T00180,C0062,184296.94,WITHDRAWAL,2026-02-22 09:42:19.087467
T00181,C0023,59132.35,TRANSFER,2026-01-09 06:47:45.801717
T00182,C0053,25020.25,CRYPTO,2026-01-03 21:02:58.271352
T00183,C0098,55073.18,PAYMENT,2026-03-03 18:55:17.093198
T00184,C0092,199149.38,TRANSFER,2026-05-03 11:25:08.216542
T00185,C0089,224108.28,CRYPTO,2026-01-18 16:08:25.305672
T00186,C0099,380733.97,PAYMENT,2026-01-26 20:27:24.614684
T00187,C0019,170400.17,TRANSFER,2026-04-07 13:06:41.689223
T00188,C0060,45979.73,TRANSFER,2026-05-31 01:15:59.269944
T00189,C0032,389177.51,WITHDRAWAL,2026-04-25 11:12:19.407340
T00190,C0090,366311.1,TRANSFER,2026-05-12 17:49:05.687530
T00191,C0074,420259.92,CRYPTO,2026-05-11 08:52:27.092597
T00192,C0089,7721.15,CRYPTO,2026-04-26 10:16:17.018391
T00193,C0037,451750.42,CRYPTO,2026-01-19 08:46:24.112243
T00194,C0003,300218.03,WITHDRAWAL,2026-04-25 18:20:56.661346
T00195,C0019,89454.13,CRYPTO,2026-02-05 04:08:45.557726
T00196,C0012,461753.93,TRANSFER,2026-03-25 03:10:05.479789
T00197,C0023,27228.11,TRANSFER,2026-02-25 07:10:51.549010
T00198,C0077,163396.32,CRYPTO,2026-04-04 08:30:53.132491
T00199,C0070,132263.16,PAYMENT,2026-02-28 08:07:20.703991
T00200,C0086,117639.82,CRYPTO,2026-01-29 17:11:17.572336
T00201,C0074,283027.07,TRANSFER,2026-02-18 12:30:41.684997
T00202,C0030,102463.96,CRYPTO,2026-03-09 04:20:50.379992
T00203,C0030,434947.31,TRANSFER,2026-02-17 14:32:07.099172
T00204,C0092,346698.11,PAYMENT,2026-06-09 22:22:01.106666
T00205,C0032,410873.56,TRANSFER,2026-06-01 08:15:19.449339
T00206,C0087,382068.42,PAYMENT,2026-04-21 18:28:02.857164
T00207,C0024,48944.12,TRANSFER,2026-05-25 02:38:22.814978
T00208,C0085,106288.72,WITHDRAWAL,2026-04-28 14:15:40.307767
T00209,C0095,345901.1,WITHDRAWAL,2026-01-30 01:20:13.061141
T00210,C0082,167899.72,WITHDRAWAL,2026-02-23 10:14:47.955449
T00211,C0011,495618.93,CRYPTO,2026-04-27 07:48:40.252666
T00212,C0023,332128.25,TRANSFER,2026-03-27 03:47:46.630955
T00213,C0077,477575.11,PAYMENT,2026-04-05 17:20:52.968699
T00214,C0015,239350.28,CRYPTO,2026-01-24 16:38:32.737527
T00215,C0029,279514.7,WITHDRAWAL,2026-01-09 08:36:56.599395
T00216,C0045,498345.72,PAYMENT,2026-05-12 23:10:28.472240
T00217,C0100,323864.59,TRANSFER,2026-04-28 14:11:34.552244
T00218,C0078,323111.04,CRYPTO,2026-02-19 05:22:21.981778
T00219,C0022,413437.53,PAYMENT,2026-05-24 17:15:29.132694
T00220,C0088,152340.33,CRYPTO,2026-06-12 20:44:55.517118
T00221,C0009,496827.08,TRANSFER,2026-02-20 00:49:33.215524
T00222,C0042,314177.75,TRANSFER,2026-04-24 07:50:18.116348
T00223,C0032,93313.47,TRANSFER,2026-05-19 14:45:06.531614
T00224,C0030,371021.23,TRANSFER,2026-05-13 22:07:15.304011
T00225,C0052,491243.05,WITHDRAWAL,2026-01-28 07:21:58.630160
T00226,C0090,299100.15,CRYPTO,2026-04-03 20:58:44.634988
T00227,C0042,47078.74,TRANSFER,2026-02-18 19:49:04.891479
T00228,C0035,459267.41,TRANSFER,2026-05-14 01:40:23.307287
T00229,C0033,472673.81,TRANSFER,2026-04-03 10:17:08.594038
T00230,C0005,158887.62,WITHDRAWAL,2026-02-18 11:47:06.683125
T00231,C0080,178456.43,CRYPTO,2026-02-23 15:16:04.881524
T00232,C0079,446746.25,PAYMENT,2026-01-22 09:33:22.822808
T00233,C0071,344154.98,TRANSFER,2026-05-16 23:19:02.217646
T00234,C0049,172008.05,WITHDRAWAL,2026-01-06 19:17:14.041142
T00235,C0036,223617.26,PAYMENT,2026-04-29 01:12:26.311215
T00236,C0092,85883.52,PAYMENT,2026-01-26 08:06:51.389410
T00237,C0055,204754.29,PAYMENT,2026-02-28 03:42:11.078198
T00238,C0093,20154.71,WITHDRAWAL,2026-01-14 05:12:51.262421
T00239,C0008,26692.49,TRANSFER,2026-06-05 07:31:27.978001
T00240,C0093,112581.12,CRYPTO,2026-05-27 02:24:54.569918
T00241,C0079,376270.28,WITHDRAWAL,2026-03-03 15:47:10.177459
T00242,C0001,247292.38,TRANSFER,2026-02-20 16:21:07.199276
T00243,C0026,188558.68,TRANSFER,2026-05-15 18:13:30.906490
T00244,C0072,334218.81,PAYMENT,2026-04-28 22:24:17.598001
T00245,C0083,140929.83,PAYMENT,2026-01-25 21:02:55.182698
T00246,C0079,266837.28,TRANSFER,2026-03-20 19:39:58.757802
T00247,C0025,287713.64,TRANSFER,2026-05-19 09:58:21.266164
T00248,C0076,183926.34,TRANSFER,2026-04-08 10:04:13.628672
T00249,C0026,347434.66,PAYMENT,2026-03-31 10:47:37.430825
T00250,C0002,269967.44,PAYMENT,2026-03-07 21:33:47.330538
T00251,C0020,439949.22,TRANSFER,2026-01-21 04:25:46.181004
T00252,C0052,5375.24,PAYMENT,2026-02-08 17:31:31.975472
T00253,C0062,245238.47,TRANSFER,2026-05-15 23:11:23.714172
T00254,C0005,106895.46,TRANSFER,2026-02-19 13:59:25.331604
T00255,C0080,93154.08,PAYMENT,2026-01-30 19:43:12.391708
T00256,C0056,72270.98,CRYPTO,2026-02-25 01:58:17.626471
T00257,C0075,212325.67,PAYMENT,2026-03-07 23:44:06.222705
T00258,C0069,424842.01,TRANSFER,2026-06-01 05:48:34.119912
T00259,C0098,367166.3,TRANSFER,2026-06-08 02:51:13.071861
T00260,C0018,213846.78,WITHDRAWAL,2026-05-17 21:28:55.992778
T00261,C0001,410515.67,PAYMENT,2026-01-01 11:48:06.294882
T00262,C0061,327260.21,CRYPTO,2026-01-23 04:06:40.727662
T00263,C0017,285562.97,TRANSFER,2026-03-27 17:36:03.079998
T00264,C0087,10431.99,WITHDRAWAL,2026-02-27 19:45:57.232647
T00265,C0045,86991.54,WITHDRAWAL,2026-03-07 13:46:20.783602
T00266,C0076,84859.95,PAYMENT,2026-02-28 21:34:13.451709
T00267,C0090,123822.47,TRANSFER,2026-01-19 19:31:13.487130
T00268,C0010,137022.45,PAYMENT,2026-02-18 02:03:10.026151
T00269,C0098,267355.29,CRYPTO,2026-03-18 14:41:08.754401
T00270,C0017,248998.08,PAYMENT,2026-01-17 10:29:43.436539
T00271,C0090,312791.63,WITHDRAWAL,2026-02-28 02:16:27.746284
T00272,C0041,291103.16,CRYPTO,2026-02-15 10:32:18.792852
T00273,C0041,138605.43,WITHDRAWAL,2026-06-01 02:51:01.676322
T00274,C0004,308992.57,CRYPTO,2026-03-13 18:41:50.056251
T00275,C0039,159124.44,TRANSFER,2026-01-11 13:54:01.022890
T00276,C0075,38930.84,PAYMENT,2026-01-19 02:17:37.132716
T00277,C0092,402969.91,PAYMENT,2026-05-04 15:31:22.662780
T00278,C0081,480126.03,PAYMENT,2026-01-05 00:40:48.400044
T00279,C0094,246774.14,TRANSFER,2026-03-12 02:57:42.086436
T00280,C0089,35365.51,CRYPTO,2026-04-10 08:21:13.476048
T00281,C0005,42933.88,CRYPTO,2026-01-30 09:58:38.254219
T00282,C0017,171943.32,TRANSFER,2026-03-17 20:19:44.017782
T00283,C0098,158694.66,WITHDRAWAL,2026-01-19 16:23:07.645893
T00284,C0080,89827.87,CRYPTO,2026-04-08 07:15:06.390939
T00285,C0013,148547.02,TRANSFER,2026-05-24 18:36:11.069038
T00286,C0076,311776.91,WITHDRAWAL,2026-02-18 18:17:58.364431
T00287,C0063,239419.83,PAYMENT,2026-04-05 00:55:22.641134
T00288,C0052,182567.39,PAYMENT,2026-01-29 12:14:44.376477
T00289,C0079,474224.5,TRANSFER,2026-03-16 23:19:59.574814
T00290,C0015,343432.91,WITHDRAWAL,2026-02-09 11:07:22.435081
T00291,C0011,448439.18,TRANSFER,2026-01-05 08:57:41.334599
T00292,C0067,17414.59,TRANSFER,2026-01-21 13:09:36.739045
T00293,C0065,297734.64,TRANSFER,2026-03-07 18:54:30.884491
T00294,C0052,124683.46,WITHDRAWAL,2026-01-14 17:08:06.681695
T00295,C0034,91226.17,WITHDRAWAL,2026-03-02 03:09:14.992628
T00296,C0023,344798.21,PAYMENT,2026-02-20 14:56:05.914566
T00297,C0017,359981.95,WITHDRAWAL,2026-02-03 13:16:51.561945
T00298,C0062,458355.17,PAYMENT,2026-02-14 18:33:46.531265
T00299,C0078,156949.88,WITHDRAWAL,2026-02-05 21:47:00.044773
T00300,C0092,238957.53,WITHDRAWAL,2026-05-20 06:26:57.036017
T00301,C0011,250119.66,PAYMENT,2026-02-20 14:17:02.740764
T00302,C0048,459514.17,PAYMENT,2026-04-29 05:38:19.978754
T00303,C0091,317819.88,WITHDRAWAL,2026-06-02 18:55:16.839556
T00304,C0054,454800.69,WITHDRAWAL,2026-05-31 20:44:09.882372
T00305,C0027,331013.64,CRYPTO,2026-03-19 00:09:21.354136
T00306,C0079,191298.15,CRYPTO,2026-05-22 23:29:48.476694
T00307,C0084,236691.31,PAYMENT,2026-01-20 16:41:17.817158
T00308,C0013,166969.13,WITHDRAWAL,2026-01-03 11:01:30.646674
T00309,C0084,363476.33,CRYPTO,2026-04-02 03:12:47.661711
T00310,C0076,440510.78,TRANSFER,2026-03-12 17:21:01.394074
T00311,C0041,321470.82,TRANSFER,2026-04-02 17:01:15.588707
T00312,C0040,494765.42,TRANSFER,2026-01-11 18:15:58.608927
T00313,C0079,184860.16,TRANSFER,2026-02-22 06:09:43.704652
T00314,C0092,180354.52,WITHDRAWAL,2026-03-23 21:09:15.121838
T00315,C0008,147741.13,TRANSFER,2026-05-01 19:15:21.415170
T00316,C0083,498815.33,PAYMENT,2026-03-28 10:41:07.954547
T00317,C0080,83180.86,CRYPTO,2026-05-04 16:13:27.829162
T00318,C0094,77265.78,WITHDRAWAL,2026-05-02 03:31:16.737168
T00319,C0027,315584.61,TRANSFER,2026-01-24 22:14:25.404787
T00320,C0013,247173.96,CRYPTO,2026-01-27 23:35:03.206766
T00321,C0096,123806.85,WITHDRAWAL,2026-04-01 22:14:41.159696
T00322,C0085,93183.48,CRYPTO,2026-06-09 17:00:27.422265
T00323,C0099,250251.91,WITHDRAWAL,2026-01-03 04:37:02.403378
T00324,C0041,463587.57,PAYMENT,2026-02-17 05:23:35.712896
T00325,C0010,346214.0,PAYMENT,2026-03-16 05:01:01.157465
T00326,C0034,400975.12,WITHDRAWAL,2026-04-10 11:48:44.738909
T00327,C0032,38986.34,TRANSFER,2026-02-15 06:24:28.070461
T00328,C0090,95351.48,PAYMENT,2026-05-30 10:35:05.537880
T00329,C0072,156586.79,TRANSFER,2026-02-21 14:28:23.987418
T00330,C0048,120834.22,TRANSFER,2026-04-10 13:31:16.740014
T00331,C0024,415740.0,WITHDRAWAL,2026-02-10 11:36:28.332764
T00332,C0058,135211.38,PAYMENT,2026-03-03 01:15:28.389696
T00333,C0027,496723.78,TRANSFER,2026-02-02 03:26:35.968448
T00334,C0076,473690.23,TRANSFER,2026-02-17 14:26:46.866475
T00335,C0044,126939.61,CRYPTO,2026-04-19 06:46:13.988651
T00336,C0064,149512.01,CRYPTO,2026-04-19 16:34:49.240691
T00337,C0074,25255.91,TRANSFER,2026-05-06 07:44:16.358541
T00338,C0020,425404.8,TRANSFER,2026-03-16 05:43:40.744532
T00339,C0093,87818.63,CRYPTO,2026-01-30 20:30:10.195573
T00340,C0095,135247.38,PAYMENT,2026-06-09 21:56:25.119564
T00341,C0080,155641.16,CRYPTO,2026-04-24 06:13:11.865931
T00342,C0088,405935.34,PAYMENT,2026-03-12 16:02:59.934798
T00343,C0092,244087.11,WITHDRAWAL,2026-04-28 03:21:41.322186
T00344,C0008,483060.11,WITHDRAWAL,2026-05-25 19:31:01.811454
T00345,C0044,460981.24,CRYPTO,2026-05-21 20:02:56.985735
T00346,C0052,402908.52,CRYPTO,2026-02-11 22:02:21.843970
T00347,C0046,350899.0,TRANSFER,2026-05-24 10:32:11.949290
T00348,C0001,406977.0,PAYMENT,2026-04-10 07:23:28.126328
T00349,C0095,394899.93,TRANSFER,2026-04-18 17:49:09.895710
T00350,C0048,271932.32,WITHDRAWAL,2026-01-04 08:54:28.379214
T00351,C0023,245084.67,CRYPTO,2026-03-13 13:39:42.338919
T00352,C0093,346914.26,CRYPTO,2026-01-14 06:01:26.645394
T00353,C0051,326824.83,WITHDRAWAL,2026-05-03 08:55:29.427633
T00354,C0074,265524.67,TRANSFER,2026-05-04 10:44:06.293658
T00355,C0077,319596.47,WITHDRAWAL,2026-02-11 05:08:15.719095
T00356,C0041,79453.64,PAYMENT,2026-04-13 11:30:44.345305
T00357,C0086,408026.52,TRANSFER,2026-02-27 03:09:13.325243
T00358,C0065,299812.8,CRYPTO,2026-04-10 09:49:32.279441
T00359,C0010,458249.79,WITHDRAWAL,2026-01-04 16:38:06.194534
T00360,C0068,49530.95,CRYPTO,2026-05-21 20:13:49.993816
T00361,C0033,293565.29,PAYMENT,2026-04-11 21:28:15.129128
T00362,C0029,170605.85,PAYMENT,2026-03-18 02:58:48.589117
T00363,C0048,161447.67,WITHDRAWAL,2026-02-20 23:57:30.193558
T00364,C0053,397148.2,CRYPTO,2026-03-06 21:52:29.660169
T00365,C0073,347244.71,CRYPTO,2026-05-11 08:23:00.916424
T00366,C0062,290845.68,WITHDRAWAL,2026-06-01 20:53:32.341413
T00367,C0048,352656.28,PAYMENT,2026-05-10 15:05:29.729048
T00368,C0016,157380.59,PAYMENT,2026-03-17 18:04:21.369138
T00369,C0022,356240.33,PAYMENT,2026-04-30 01:41:13.791152
T00370,C0017,133069.31,WITHDRAWAL,2026-05-14 04:01:14.959935
T00371,C0067,314428.77,PAYMENT,2026-06-06 18:50:05.672573
T00372,C0005,174147.75,PAYMENT,2026-02-23 21:38:07.573046
T00373,C0028,384852.98,CRYPTO,2026-03-07 09:27:59.526416
T00374,C0093,317953.81,PAYMENT,2026-01-24 00:50:29.321297
T00375,C0091,32203.62,PAYMENT,2026-03-28 04:04:06.366807
T00376,C0056,451015.01,CRYPTO,2026-06-13 14:37:39.756904
T00377,C0072,193938.26,PAYMENT,2026-02-03 15:14:44.356577
T00378,C0055,283569.33,WITHDRAWAL,2026-05-13 00:44:41.115955
T00379,C0020,56545.96,CRYPTO,2026-03-04 20:58:42.808806
T00380,C0053,296175.02,TRANSFER,2026-05-27 16:48:40.557057
T00381,C0040,314628.92,WITHDRAWAL,2026-02-24 13:42:59.082361
T00382,C0073,78020.63,WITHDRAWAL,2026-02-24 04:29:41.615253
T00383,C0045,105644.83,CRYPTO,2026-01-06 18:12:46.676817
T00384,C0012,405332.67,TRANSFER,2026-05-01 15:04:36.683886
T00385,C0069,205454.95,CRYPTO,2026-03-29 15:26:03.152301
T00386,C0013,13327.48,PAYMENT,2026-03-19 10:09:29.553785
T00387,C0069,378133.36,TRANSFER,2026-05-31 00:30:26.008414
T00388,C0028,39591.22,PAYMENT,2026-06-07 21:05:22.046955
T00389,C0095,485050.93,PAYMENT,2026-03-18 02:31:24.962614
T00390,C0099,246407.69,CRYPTO,2026-03-11 07:27:10.019976
T00391,C0006,78079.82,WITHDRAWAL,2026-04-13 15:51:46.763180
T00392,C0055,320230.48,CRYPTO,2026-03-24 10:20:50.078618
T00393,C0053,149652.21,CRYPTO,2026-03-24 05:43:31.728001
T00394,C0046,123270.15,PAYMENT,2026-03-19 15:33:56.440476
T00395,C0068,450957.85,CRYPTO,2026-05-25 11:46:21.228828
T00396,C0006,186673.01,TRANSFER,2026-04-19 17:02:20.699940
T00397,C0001,10617.3,TRANSFER,2026-01-03 07:30:42.466331
T00398,C0043,432285.85,CRYPTO,2026-01-20 06:50:17.600646
T00399,C0042,259336.68,PAYMENT,2026-01-26 09:32:56.109255
T00400,C0035,23007.84,PAYMENT,2026-01-03 20:24:06.108824
T00401,C0029,312798.91,WITHDRAWAL,2026-02-01 18:46:22.414260
T00402,C0057,407064.03,WITHDRAWAL,2026-02-12 19:46:53.663824
T00403,C0034,481323.42,PAYMENT,2026-01-11 10:58:01.488105
T00404,C0094,187094.08,PAYMENT,2026-04-12 10:47:26.981795
T00405,C0005,497585.07,CRYPTO,2026-04-06 21:56:18.750090
T00406,C0090,34523.42,WITHDRAWAL,2026-01-11 23:36:08.251380
T00407,C0055,225924.51,WITHDRAWAL,2026-06-06 11:18:29.289231
T00408,C0067,284630.31,CRYPTO,2026-02-03 09:54:19.278461
T00409,C0040,231531.2,PAYMENT,2026-04-22 04:31:24.002786
T00410,C0057,194080.13,WITHDRAWAL,2026-05-14 15:07:16.870687
T00411,C0004,29125.67,PAYMENT,2026-04-11 14:30:31.943987
T00412,C0083,113815.78,CRYPTO,2026-01-02 09:35:12.256634
T00413,C0084,8427.4,PAYMENT,2026-03-29 17:20:11.709633
T00414,C0032,257365.68,WITHDRAWAL,2026-01-29 10:53:38.702093
T00415,C0015,434349.31,TRANSFER,2026-04-27 07:24:37.900578
T00416,C0044,316646.85,WITHDRAWAL,2026-03-31 23:31:40.383377
T00417,C0096,150709.05,WITHDRAWAL,2026-03-25 16:53:30.530866
T00418,C0067,199038.04,WITHDRAWAL,2026-05-27 03:17:33.527105
T00419,C0019,448928.37,CRYPTO,2026-02-18 03:06:17.620349
T00420,C0008,187478.1,PAYMENT,2026-05-11 21:27:05.002405
T00421,C0023,323790.89,WITHDRAWAL,2026-04-06 17:42:39.965083
T00422,C0013,5081.88,CRYPTO,2026-05-25 14:49:36.698921
T00423,C0038,485411.86,PAYMENT,2026-03-18 08:11:44.319607
T00424,C0069,398049.3,CRYPTO,2026-06-02 23:51:10.148914
T00425,C0036,278640.01,PAYMENT,2026-04-14 18:12:46.395906
T00426,C0002,361746.25,PAYMENT,2026-01-02 00:57:48.942148
T00427,C0094,246126.25,CRYPTO,2026-05-30 05:07:12.653537
T00428,C0073,47411.69,TRANSFER,2026-05-19 22:12:04.390209
T00429,C0046,173357.3,WITHDRAWAL,2026-04-04 23:47:54.981119
T00430,C0019,271948.55,TRANSFER,2026-03-02 14:02:43.354209
T00431,C0062,10190.94,PAYMENT,2026-02-08 16:11:24.375736
T00432,C0021,156859.59,WITHDRAWAL,2026-01-08 00:38:31.504609
T00433,C0040,272745.15,PAYMENT,2026-02-17 01:18:15.953237
T00434,C0047,255178.01,WITHDRAWAL,2026-05-17 12:38:18.689590
T00435,C0031,23678.63,TRANSFER,2026-02-04 12:11:41.049430
T00436,C0089,30672.22,PAYMENT,2026-01-21 18:24:13.958823
T00437,C0090,208152.98,WITHDRAWAL,2026-01-15 21:22:14.178339
T00438,C0061,158460.66,WITHDRAWAL,2026-02-12 04:57:25.275966
T00439,C0050,138033.13,PAYMENT,2026-04-24 14:01:57.680059
T00440,C0023,399787.11,CRYPTO,2026-01-14 15:30:49.732639
T00441,C0090,176030.27,CRYPTO,2026-02-15 02:36:56.477910
T00442,C0044,76238.97,WITHDRAWAL,2026-04-11 01:47:00.179618
T00443,C0038,45020.41,PAYMENT,2026-05-24 02:04:06.193743
T00444,C0088,496449.6,TRANSFER,2026-01-08 05:09:03.424883
T00445,C0034,413107.38,CRYPTO,2026-06-02 02:43:20.053164
T00446,C0022,320279.74,TRANSFER,2026-04-16 15:39:58.124172
T00447,C0029,394612.33,TRANSFER,2026-06-11 21:23:36.004805
T00448,C0001,48387.04,PAYMENT,2026-05-18 05:55:28.816355
T00449,C0044,415581.02,PAYMENT,2026-02-09 22:59:03.478599
T00450,C0045,292897.68,CRYPTO,2026-03-18 18:00:00.433668
T00451,C0063,272527.95,CRYPTO,2026-03-23 14:33:29.620550
T00452,C0064,387590.8,WITHDRAWAL,2026-06-03 07:59:04.276729
T00453,C0075,134767.22,PAYMENT,2026-04-11 09:02:00.037955
T00454,C0058,246308.4,PAYMENT,2026-05-09 03:03:56.656003
T00455,C0002,178486.0,TRANSFER,2026-02-05 22:06:52.838804
T00456,C0038,146302.36,CRYPTO,2026-01-19 00:49:21.081956
T00457,C0058,300388.38,TRANSFER,2026-04-27 03:54:47.316730
T00458,C0090,26404.83,PAYMENT,2026-02-05 02:23:11.197886
T00459,C0066,402294.95,PAYMENT,2026-03-26 15:50:29.543902
T00460,C0059,378538.12,WITHDRAWAL,2026-04-26 02:48:57.086907
T00461,C0016,246537.87,PAYMENT,2026-02-18 17:51:39.663252
T00462,C0075,434469.7,TRANSFER,2026-04-26 08:46:19.479796
T00463,C0091,336739.48,WITHDRAWAL,2026-02-02 19:00:57.339653
T00464,C0015,467476.0,PAYMENT,2026-01-17 11:42:52.903311
T00465,C0095,342355.31,PAYMENT,2026-01-20 21:58:05.885301
T00466,C0068,49863.56,PAYMENT,2026-05-02 15:33:29.567641
T00467,C0080,424249.33,TRANSFER,2026-01-05 20:13:13.415475
T00468,C0011,129697.85,PAYMENT,2026-03-02 06:01:16.293254
T00469,C0083,53964.48,WITHDRAWAL,2026-01-15 20:09:07.795458
T00470,C0035,10627.25,WITHDRAWAL,2026-06-11 09:19:17.280002
T00471,C0078,104796.21,PAYMENT,2026-01-29 14:00:30.869895
T00472,C0059,80145.8,WITHDRAWAL,2026-05-27 14:04:46.490628
T00473,C0077,7456.84,CRYPTO,2026-02-14 15:49:38.554394
T00474,C0077,134039.72,TRANSFER,2026-05-29 16:12:29.963533
T00475,C0044,117817.01,TRANSFER,2026-06-04 02:32:29.896095
T00476,C0015,486829.17,PAYMENT,2026-05-19 15:38:52.700637
T00477,C0014,65509.1,CRYPTO,2026-02-13 15:00:02.839900
T00478,C0072,410930.21,WITHDRAWAL,2026-05-25 07:18:29.399418
T00479,C0035,291964.87,CRYPTO,2026-01-11 06:51:25.667203
T00480,C0019,127050.4,TRANSFER,2026-05-14 21:42:23.469431
T00481,C0090,440634.91,TRANSFER,2026-05-30 04:41:48.040823
T00482,C0029,264006.97,PAYMENT,2026-02-04 19:48:26.938249
T00483,C0019,73957.1,TRANSFER,2026-05-29 19:46:44.240140
T00484,C0072,489480.12,TRANSFER,2026-01-12 01:29:59.558289
T00485,C0064,294216.1,WITHDRAWAL,2026-05-07 20:12:22.778104
T00486,C0014,26346.55,CRYPTO,2026-06-08 18:58:54.900974
T00487,C0091,237437.01,WITHDRAWAL,2026-04-08 05:11:44.612530
T00488,C0037,453409.95,WITHDRAWAL,2026-04-16 09:23:38.285852
T00489,C0085,116166.11,WITHDRAWAL,2026-06-13 12:09:26.854923
T00490,C0065,41863.02,PAYMENT,2026-05-03 10:33:39.266429
T00491,C0039,176666.76,CRYPTO,2026-01-26 15:08:34.244626
T00492,C0098,305404.82,TRANSFER,2026-06-11 21:55:48.940191
T00493,C0031,341180.1,WITHDRAWAL,2026-01-08 19:56:37.005869
T00494,C0038,176932.06,WITHDRAWAL,2026-02-06 07:50:34.835331
T00495,C0013,195933.3,CRYPTO,2026-01-01 14:40:09.514358
T00496,C0054,362812.56,CRYPTO,2026-03-05 16:28:39.662620
T00497,C0072,396235.02,PAYMENT,2026-03-28 11:44:29.209473
T00498,C0095,431800.71,CRYPTO,2026-05-23 20:25:43.086461
T00499,C0002,320824.72,PAYMENT,2026-06-04 18:54:40.404305
T00500,C0043,115119.09,PAYMENT,2026-05-21 02:18:46.875798
T00501,C0013,78821.66,TRANSFER,2026-05-03 00:42:26.163890
T00502,C0081,214970.54,TRANSFER,2026-02-17 10:23:22.762715
T00503,C0060,146551.51,PAYMENT,2026-04-30 04:31:25.598190
T00504,C0054,206924.29,PAYMENT,2026-05-03 23:25:08.761993
T00505,C0095,434624.02,PAYMENT,2026-01-17 04:05:06.732721
T00506,C0062,96783.38,TRANSFER,2026-05-13 18:04:19.733136
T00507,C0077,356847.42,CRYPTO,2026-02-27 10:16:33.124516
T00508,C0043,38145.67,PAYMENT,2026-02-26 04:57:13.680521
T00509,C0072,265854.81,PAYMENT,2026-05-20 00:20:08.468385
T00510,C0063,76583.19,WITHDRAWAL,2026-01-09 21:13:44.559476
T00511,C0079,942.05,PAYMENT,2026-03-08 21:04:35.712418
T00512,C0088,205409.61,WITHDRAWAL,2026-01-15 22:15:51.408246
T00513,C0041,220538.27,TRANSFER,2026-05-09 07:48:11.326816
T00514,C0068,70107.85,CRYPTO,2026-02-23 02:50:38.847038
T00515,C0097,195555.22,TRANSFER,2026-03-14 05:20:36.938619
T00516,C0045,457859.78,CRYPTO,2026-04-23 11:55:18.689556
T00517,C0021,158569.4,PAYMENT,2026-02-11 23:34:23.801687
T00518,C0024,185058.47,CRYPTO,2026-03-11 18:20:19.329116
T00519,C0010,38104.64,WITHDRAWAL,2026-01-23 10:05:41.810804
T00520,C0032,110866.39,TRANSFER,2026-05-08 14:36:07.520093
T00521,C0095,462583.09,WITHDRAWAL,2026-06-09 16:38:38.779894
T00522,C0070,443299.58,CRYPTO,2026-05-07 21:51:19.389897
T00523,C0026,409615.28,PAYMENT,2026-04-19 15:56:07.369805
T00524,C0051,327357.7,PAYMENT,2026-03-21 13:05:51.426761
T00525,C0018,87308.5,WITHDRAWAL,2026-06-11 12:50:14.360034
T00526,C0060,253986.48,PAYMENT,2026-02-06 15:59:43.546556
T00527,C0030,430427.1,WITHDRAWAL,2026-04-15 01:54:22.192631
T00528,C0026,220361.66,WITHDRAWAL,2026-04-28 22:27:58.366496
T00529,C0068,460776.34,CRYPTO,2026-02-18 21:39:46.715292
T00530,C0028,23634.81,TRANSFER,2026-02-01 07:07:35.034245
T00531,C0034,492574.99,CRYPTO,2026-03-01 07:50:54.971400
T00532,C0061,256664.64,TRANSFER,2026-05-29 17:06:49.469096
T00533,C0052,264973.24,CRYPTO,2026-05-28 18:33:41.045137
T00534,C0079,415253.09,CRYPTO,2026-01-04 08:21:45.796979
T00535,C0096,53434.76,PAYMENT,2026-04-14 18:14:54.106128
T00536,C0082,352901.31,CRYPTO,2026-02-22 05:00:23.083604
T00537,C0098,462936.24,CRYPTO,2026-03-20 07:06:32.755888
T00538,C0060,161270.77,TRANSFER,2026-03-25 02:22:16.681931
T00539,C0072,494650.59,WITHDRAWAL,2026-06-06 20:25:01.961928
T00540,C0047,129703.44,TRANSFER,2026-03-03 01:37:04.244171
T00541,C0032,67717.51,WITHDRAWAL,2026-04-04 14:22:21.949362
T00542,C0099,98495.61,TRANSFER,2026-06-02 23:08:17.602329
T00543,C0059,206724.09,WITHDRAWAL,2026-01-20 04:18:57.001063
T00544,C0083,403558.92,CRYPTO,2026-01-29 16:54:14.124758
T00545,C0094,346488.65,PAYMENT,2026-05-18 16:56:30.291029
T00546,C0024,334162.56,PAYMENT,2026-05-13 15:26:08.474633
T00547,C0058,498733.83,WITHDRAWAL,2026-02-23 10:04:36.799844
T00548,C0068,142276.87,PAYMENT,2026-04-28 10:51:07.832421
T00549,C0014,7647.6,CRYPTO,2026-03-28 08:28:57.677120
T00550,C0021,409813.31,WITHDRAWAL,2026-04-30 20:02:32.101870
T00551,C0019,328886.77,CRYPTO,2026-01-16 07:03:08.344580
T00552,C0002,24649.44,TRANSFER,2026-03-30 05:27:22.676564
T00553,C0041,46716.88,TRANSFER,2026-01-28 08:04:02.694854
T00554,C0078,96365.77,CRYPTO,2026-02-11 22:16:42.338766
T00555,C0062,367420.4,CRYPTO,2026-06-11 02:10:51.581266
T00556,C0079,9158.15,WITHDRAWAL,2026-05-14 09:11:49.240779
T00557,C0049,342338.06,CRYPTO,2026-03-13 21:51:13.614448
T00558,C0069,230936.79,CRYPTO,2026-01-05 14:59:16.007982
T00559,C0052,29417.55,PAYMENT,2026-03-05 18:13:06.697199
T00560,C0064,381461.33,TRANSFER,2026-04-30 23:47:38.088892
T00561,C0022,86258.82,TRANSFER,2026-02-26 18:56:07.334242
T00562,C0083,278107.89,PAYMENT,2026-02-09 19:47:10.492082
T00563,C0072,495432.15,PAYMENT,2026-06-07 12:31:46.921924
T00564,C0010,453887.22,TRANSFER,2026-04-14 13:44:02.797456
T00565,C0001,349650.34,WITHDRAWAL,2026-01-10 08:44:37.417045
T00566,C0045,245719.44,CRYPTO,2026-01-15 20:27:26.832175
T00567,C0079,439626.3,CRYPTO,2026-04-21 18:40:18.909514
T00568,C0057,97048.99,CRYPTO,2026-04-13 15:13:45.046414
T00569,C0019,408401.89,CRYPTO,2026-04-13 06:51:43.521621
T00570,C0016,361289.58,PAYMENT,2026-02-03 18:34:04.582886
T00571,C0056,140713.48,WITHDRAWAL,2026-03-02 21:57:33.797831
T00572,C0004,216165.53,WITHDRAWAL,2026-02-01 07:36:27.264308
T00573,C0036,3366.58,CRYPTO,2026-01-24 13:13:29.128581
T00574,C0021,327322.65,WITHDRAWAL,2026-01-13 11:34:54.006916
T00575,C0058,453417.32,WITHDRAWAL,2026-02-05 11:41:25.953157
T00576,C0024,128617.56,CRYPTO,2026-01-20 21:48:11.667826
T00577,C0080,423572.88,TRANSFER,2026-04-21 14:38:46.986870
T00578,C0071,374938.77,PAYMENT,2026-01-14 22:18:37.266278
T00579,C0089,68800.88,TRANSFER,2026-04-24 19:50:59.181833
T00580,C0071,446465.49,TRANSFER,2026-01-31 17:24:40.566937
T00581,C0003,94112.65,CRYPTO,2026-04-25 13:14:19.802966
T00582,C0090,65241.81,PAYMENT,2026-02-27 07:40:25.821225
T00583,C0086,170352.73,CRYPTO,2026-05-15 03:03:02.882941
T00584,C0067,250148.47,TRANSFER,2026-05-01 00:09:23.821249
T00585,C0028,125119.2,WITHDRAWAL,2026-01-02 18:35:18.535156
T00586,C0030,238022.93,PAYMENT,2026-03-24 11:12:45.459630
T00587,C0051,418768.82,WITHDRAWAL,2026-03-21 14:26:01.037195
T00588,C0035,26386.34,PAYMENT,2026-04-17 01:25:09.157286
T00589,C0009,338364.55,TRANSFER,2026-02-24 14:22:45.336977
T00590,C0082,179421.12,CRYPTO,2026-01-17 07:50:21.620102
T00591,C0043,366997.6,WITHDRAWAL,2026-02-08 12:04:53.424494
T00592,C0052,281626.72,TRANSFER,2026-03-29 13:04:26.984937
T00593,C0047,139241.63,WITHDRAWAL,2026-02-24 08:49:21.600592
T00594,C0051,362812.11,TRANSFER,2026-05-29 09:44:05.535957
T00595,C0036,73918.05,CRYPTO,2026-03-26 00:18:20.083478
T00596,C0076,466215.09,CRYPTO,2026-06-04 19:27:50.271230
T00597,C0100,116662.36,CRYPTO,2026-02-04 23:18:22.395170
T00598,C0078,119162.31,CRYPTO,2026-01-11 15:57:34.253703
T00599,C0034,71811.22,PAYMENT,2026-05-08 20:56:17.022125
T00600,C0019,410616.31,PAYMENT,2026-05-25 03:09:00.968026
T00601,C0022,407427.26,CRYPTO,2026-03-25 13:42:48.251944
T00602,C0070,377896.35,PAYMENT,2026-02-09 20:33:52.250169
T00603,C0072,198806.13,TRANSFER,2026-03-16 18:26:26.276474
T00604,C0002,365885.47,WITHDRAWAL,2026-01-13 22:50:34.616681
T00605,C0094,499069.52,CRYPTO,2026-01-19 22:13:19.983033
T00606,C0025,327042.65,TRANSFER,2026-03-15 13:39:44.452951
T00607,C0037,493046.2,TRANSFER,2026-03-16 21:12:52.659245
T00608,C0013,463166.53,WITHDRAWAL,2026-03-08 04:58:51.335530
T00609,C0085,250629.29,WITHDRAWAL,2026-03-09 09:31:35.752212
T00610,C0003,259607.09,WITHDRAWAL,2026-02-13 09:01:41.407229
T00611,C0008,419058.94,CRYPTO,2026-02-12 06:10:24.823004
T00612,C0002,135937.0,PAYMENT,2026-02-21 23:44:11.880442
T00613,C0033,6167.68,WITHDRAWAL,2026-03-20 19:26:44.878593
T00614,C0073,282683.23,PAYMENT,2026-02-01 04:43:21.158612
T00615,C0064,344206.29,CRYPTO,2026-05-06 19:30:19.177780
T00616,C0072,208740.33,TRANSFER,2026-04-01 11:28:48.016327
T00617,C0003,447667.34,CRYPTO,2026-01-10 22:59:32.507462
T00618,C0001,17715.36,PAYMENT,2026-05-15 04:56:14.770193
T00619,C0068,413353.48,TRANSFER,2026-01-30 10:08:58.324426
T00620,C0045,366067.06,PAYMENT,2026-05-19 21:52:54.039242
T00621,C0005,56500.22,TRANSFER,2026-02-04 17:19:01.776455
T00622,C0073,309710.65,TRANSFER,2026-04-07 04:49:14.566831
T00623,C0005,98080.26,WITHDRAWAL,2026-05-12 20:05:46.298879
T00624,C0028,177302.89,PAYMENT,2026-06-11 18:25:35.649441
T00625,C0055,278882.22,CRYPTO,2026-02-18 11:33:02.194598
T00626,C0073,397434.14,WITHDRAWAL,2026-02-24 11:03:31.929777
T00627,C0091,431189.43,TRANSFER,2026-02-10 18:35:11.059383
T00628,C0037,36332.58,TRANSFER,2026-03-23 20:31:16.249854
T00629,C0091,352384.92,CRYPTO,2026-05-24 03:29:50.465527
T00630,C0016,201495.76,PAYMENT,2026-01-25 17:25:39.912975
T00631,C0053,229065.83,TRANSFER,2026-01-20 10:32:04.293597
T00632,C0055,60967.98,TRANSFER,2026-02-19 22:56:59.968297
T00633,C0058,237056.49,TRANSFER,2026-05-30 12:38:48.214045
T00634,C0019,369721.06,WITHDRAWAL,2026-03-30 11:47:50.644692
T00635,C0016,467109.71,TRANSFER,2026-02-26 04:42:35.634754
T00636,C0071,290188.23,TRANSFER,2026-04-02 12:55:40.020953
T00637,C0100,55055.03,CRYPTO,2026-05-22 02:54:06.370783
T00638,C0091,144413.14,TRANSFER,2026-05-10 02:58:22.728663
T00639,C0048,131607.29,WITHDRAWAL,2026-04-23 01:57:33.236612
T00640,C0036,367650.16,CRYPTO,2026-01-16 01:42:01.912315
T00641,C0031,291806.56,CRYPTO,2026-04-03 00:14:57.012681
T00642,C0072,11336.55,PAYMENT,2026-05-20 23:17:36.447137
T00643,C0020,377251.82,PAYMENT,2026-02-26 06:36:45.836523
T00644,C0015,1052.8,PAYMENT,2026-01-29 02:52:48.049905
T00645,C0070,425715.46,CRYPTO,2026-04-03 23:32:07.910151
T00646,C0052,458315.29,WITHDRAWAL,2026-04-24 02:42:58.402646
T00647,C0013,152152.28,PAYMENT,2026-04-27 23:35:46.483373
T00648,C0062,123748.51,WITHDRAWAL,2026-03-16 23:56:57.146919
T00649,C0023,164242.37,WITHDRAWAL,2026-02-28 04:13:40.854767
T00650,C0090,286244.52,WITHDRAWAL,2026-06-13 14:12:29.633124
T00651,C0088,231941.18,PAYMENT,2026-06-04 20:42:39.739083
T00652,C0021,103426.93,PAYMENT,2026-04-15 22:01:42.000098
T00653,C0044,88726.18,TRANSFER,2026-04-12 09:37:21.459988
T00654,C0039,132089.73,CRYPTO,2026-05-03 14:39:36.912482
T00655,C0072,119286.57,PAYMENT,2026-05-22 17:51:10.289846
T00656,C0035,447727.58,WITHDRAWAL,2026-01-20 15:03:14.991538
T00657,C0026,390356.13,WITHDRAWAL,2026-05-25 07:30:10.998626
T00658,C0029,446671.03,PAYMENT,2026-03-04 04:48:47.677645
T00659,C0028,72710.95,TRANSFER,2026-05-03 08:55:30.697359
T00660,C0017,71059.55,WITHDRAWAL,2026-06-07 13:40:05.629478
T00661,C0042,371229.0,WITHDRAWAL,2026-01-08 12:21:30.563509
T00662,C0020,349279.14,CRYPTO,2026-01-12 08:45:38.462411
T00663,C0060,296451.64,PAYMENT,2026-02-11 00:02:26.756331
T00664,C0015,455490.44,WITHDRAWAL,2026-03-27 17:18:06.206044
T00665,C0032,334068.45,WITHDRAWAL,2026-05-01 11:52:33.494843
T00666,C0067,284510.66,CRYPTO,2026-02-14 23:51:42.095058
T00667,C0094,351588.86,CRYPTO,2026-02-25 21:01:05.797080
T00668,C0008,87799.25,PAYMENT,2026-04-06 07:51:53.301980
T00669,C0065,495143.32,WITHDRAWAL,2026-03-21 00:32:17.020098
T00670,C0004,74333.69,CRYPTO,2026-03-26 12:14:51.272878
T00671,C0081,328945.49,PAYMENT,2026-04-26 15:08:52.469719
T00672,C0036,1993.6,WITHDRAWAL,2026-03-20 15:59:30.761168
T00673,C0085,143401.81,TRANSFER,2026-04-27 18:01:52.439847
T00674,C0079,284901.13,WITHDRAWAL,2026-01-23 14:25:35.338932
T00675,C0050,388044.47,TRANSFER,2026-04-25 01:50:30.302980
T00676,C0076,372357.96,CRYPTO,2026-02-28 02:30:15.913044
T00677,C0027,242384.68,TRANSFER,2026-02-17 20:51:29.343607
T00678,C0009,80075.66,WITHDRAWAL,2026-01-23 13:49:34.192869
T00679,C0085,248112.95,TRANSFER,2026-03-12 11:20:22.630163
T00680,C0038,117414.37,CRYPTO,2026-03-13 16:52:50.944859
T00681,C0067,440078.33,CRYPTO,2026-05-25 11:47:36.367671
T00682,C0027,251259.77,PAYMENT,2026-05-19 08:38:16.464616
T00683,C0046,47438.27,WITHDRAWAL,2026-04-04 12:02:13.684214
T00684,C0077,63931.15,PAYMENT,2026-03-08 01:21:40.832542
T00685,C0023,476404.44,WITHDRAWAL,2026-01-13 19:02:27.022539
T00686,C0010,361287.2,CRYPTO,2026-06-07 00:50:05.971529
T00687,C0003,206859.15,CRYPTO,2026-01-08 23:49:57.550736
T00688,C0058,419620.81,PAYMENT,2026-06-09 08:13:43.748738
T00689,C0066,482388.92,TRANSFER,2026-05-03 20:22:19.793787
T00690,C0033,244425.25,WITHDRAWAL,2026-03-27 20:37:24.090239
T00691,C0017,482981.52,WITHDRAWAL,2026-04-20 10:12:37.491341
T00692,C0020,375550.11,CRYPTO,2026-05-31 04:49:09.538648
T00693,C0100,106600.02,WITHDRAWAL,2026-04-17 03:02:18.640599
T00694,C0084,486312.81,WITHDRAWAL,2026-02-19 04:42:34.619075
T00695,C0078,325779.1,CRYPTO,2026-03-24 12:28:43.736718
T00696,C0045,81277.43,TRANSFER,2026-05-10 12:20:38.938129
T00697,C0071,10658.13,TRANSFER,2026-05-25 16:35:19.109841
T00698,C0025,292830.59,PAYMENT,2026-04-01 01:06:49.214218
T00699,C0068,179335.75,PAYMENT,2026-02-16 17:05:44.546518
T00700,C0057,240102.94,CRYPTO,2026-01-31 14:45:20.287824
T00701,C0051,161207.58,TRANSFER,2026-02-06 11:20:07.111693
T00702,C0079,259026.66,TRANSFER,2026-01-13 08:36:34.397995
T00703,C0028,89274.02,PAYMENT,2026-05-17 17:19:30.046987
T00704,C0008,35355.92,PAYMENT,2026-05-15 11:20:00.833981
T00705,C0055,34626.78,PAYMENT,2026-05-26 23:03:59.757244
T00706,C0090,464637.78,PAYMENT,2026-01-09 11:04:27.824341
T00707,C0096,306952.82,TRANSFER,2026-05-27 23:19:09.758417
T00708,C0032,435946.88,CRYPTO,2026-01-20 08:38:30.264779
T00709,C0041,442534.63,CRYPTO,2026-05-09 16:12:29.181288
T00710,C0003,310176.51,WITHDRAWAL,2026-01-20 04:36:39.428466
T00711,C0028,363418.37,WITHDRAWAL,2026-06-07 22:28:42.857658
T00712,C0054,242470.87,WITHDRAWAL,2026-05-10 02:03:31.395055
T00713,C0076,242652.29,WITHDRAWAL,2026-05-31 07:41:13.600517
T00714,C0033,431017.44,PAYMENT,2026-04-29 07:21:58.580321
T00715,C0031,249279.94,WITHDRAWAL,2026-03-15 23:21:00.961418
T00716,C0013,166166.94,TRANSFER,2026-04-06 05:19:32.775343
T00717,C0012,430362.64,WITHDRAWAL,2026-04-06 11:05:03.422616
T00718,C0049,460093.16,WITHDRAWAL,2026-05-01 13:45:53.885406
T00719,C0022,339435.41,WITHDRAWAL,2026-01-08 20:32:40.106042
T00720,C0006,332231.57,WITHDRAWAL,2026-03-04 19:08:51.810904
T00721,C0021,280044.25,CRYPTO,2026-03-18 00:05:53.502090
T00722,C0064,497769.06,TRANSFER,2026-01-23 19:43:31.911285
T00723,C0066,381290.38,PAYMENT,2026-05-24 03:19:02.150578
T00724,C0088,343477.19,WITHDRAWAL,2026-02-17 03:24:41.590357
T00725,C0071,53579.14,CRYPTO,2026-05-16 07:57:43.030966
T00726,C0023,367521.03,PAYMENT,2026-03-19 19:34:29.144606
T00727,C0001,88912.1,TRANSFER,2026-03-27 17:59:24.241915
T00728,C0052,211660.03,PAYMENT,2026-02-03 22:15:04.830159
T00729,C0071,276361.14,CRYPTO,2026-04-17 07:10:35.239247
T00730,C0066,432562.83,TRANSFER,2026-04-29 07:21:23.402384
T00731,C0006,303484.95,TRANSFER,2026-05-15 21:27:39.799335
T00732,C0098,401818.62,TRANSFER,2026-01-28 22:57:25.707717
T00733,C0086,5624.82,TRANSFER,2026-01-05 15:39:48.845435
T00734,C0019,347605.45,CRYPTO,2026-01-27 08:40:22.206643
T00735,C0016,164578.3,WITHDRAWAL,2026-05-12 11:01:48.226491
T00736,C0029,134013.88,CRYPTO,2026-04-23 11:15:40.626935
T00737,C0091,474720.88,CRYPTO,2026-05-05 03:43:40.522568
T00738,C0060,294614.2,TRANSFER,2026-06-08 02:08:05.909877
T00739,C0029,127128.16,CRYPTO,2026-01-12 13:59:02.489447
T00740,C0031,331496.76,TRANSFER,2026-04-21 02:39:27.244915
T00741,C0042,175556.04,WITHDRAWAL,2026-02-19 10:31:03.600039
T00742,C0085,277751.02,PAYMENT,2026-02-11 15:20:25.677500
T00743,C0074,486750.34,CRYPTO,2026-06-12 18:38:42.761044
T00744,C0085,71738.04,WITHDRAWAL,2026-04-29 10:12:05.654999
T00745,C0008,125512.62,WITHDRAWAL,2026-03-07 04:22:37.224586
T00746,C0037,437497.96,TRANSFER,2026-01-14 01:17:02.472117
T00747,C0024,480274.39,TRANSFER,2026-04-10 04:40:53.653079
T00748,C0081,284992.33,TRANSFER,2026-03-04 07:59:31.255368
T00749,C0062,376759.57,WITHDRAWAL,2026-05-21 12:29:32.589262
T00750,C0020,223703.83,WITHDRAWAL,2026-02-22 04:42:47.003478
T00751,C0043,409453.75,WITHDRAWAL,2026-04-21 23:50:45.305447
T00752,C0072,349115.44,PAYMENT,2026-03-15 23:24:59.342496
T00753,C0094,241233.49,CRYPTO,2026-03-19 12:37:48.325703
T00754,C0078,411023.64,WITHDRAWAL,2026-03-03 18:00:02.644645
T00755,C0045,321686.94,PAYMENT,2026-05-28 06:19:20.954815
T00756,C0020,471402.51,TRANSFER,2026-04-19 08:52:41.713154
T00757,C0011,172865.56,WITHDRAWAL,2026-01-27 17:34:17.033637
T00758,C0025,187666.81,CRYPTO,2026-04-17 10:57:58.788262
T00759,C0027,445048.91,PAYMENT,2026-05-23 23:52:27.756747
T00760,C0043,132650.88,TRANSFER,2026-01-04 23:54:34.679534
T00761,C0032,351566.38,TRANSFER,2026-04-24 11:29:21.322903
T00762,C0023,50070.94,TRANSFER,2026-02-18 10:24:53.989890
T00763,C0002,317845.75,WITHDRAWAL,2026-01-26 02:11:00.168957
T00764,C0042,419502.94,WITHDRAWAL,2026-04-28 09:46:36.591697
T00765,C0071,285971.18,TRANSFER,2026-04-17 22:51:04.203043
T00766,C0039,47454.69,TRANSFER,2026-05-19 04:05:26.084197
T00767,C0062,375463.05,PAYMENT,2026-03-19 06:24:13.884054
T00768,C0099,137192.79,PAYMENT,2026-01-19 08:41:20.252825
T00769,C0076,342788.23,CRYPTO,2026-05-01 07:18:59.919467
T00770,C0026,298172.26,WITHDRAWAL,2026-01-29 19:59:48.185875
T00771,C0014,373068.64,PAYMENT,2026-02-08 04:59:06.133898
T00772,C0065,396712.23,CRYPTO,2026-04-03 08:11:00.250342
T00773,C0042,75304.19,TRANSFER,2026-01-28 16:37:14.679056
T00774,C0084,102508.51,TRANSFER,2026-03-03 02:16:45.863285
T00775,C0042,437750.51,PAYMENT,2026-02-20 03:29:31.755276
T00776,C0027,335312.17,PAYMENT,2026-01-09 08:30:55.032715
T00777,C0033,30915.58,TRANSFER,2026-01-01 06:09:45.952772
T00778,C0021,387975.84,PAYMENT,2026-03-04 03:06:53.759053
T00779,C0046,468066.18,CRYPTO,2026-04-29 20:07:37.364702
T00780,C0097,469122.65,CRYPTO,2026-04-06 19:45:10.896240
T00781,C0046,297549.74,TRANSFER,2026-01-15 04:42:47.333469
T00782,C0005,375494.0,CRYPTO,2026-02-12 01:32:04.275443
T00783,C0004,64018.11,TRANSFER,2026-04-28 23:34:10.166034
T00784,C0020,21190.55,PAYMENT,2026-04-12 12:24:59.579515
T00785,C0020,48813.52,PAYMENT,2026-05-06 10:08:21.173804
T00786,C0022,250685.53,PAYMENT,2026-04-26 06:37:52.425124
T00787,C0081,290088.55,TRANSFER,2026-02-28 16:17:10.919363
T00788,C0071,478107.4,WITHDRAWAL,2026-02-18 18:07:11.192613
T00789,C0090,65190.29,CRYPTO,2026-01-31 23:00:08.087839
T00790,C0002,97902.95,CRYPTO,2026-03-11 10:33:36.690083
T00791,C0080,489385.3,PAYMENT,2026-01-22 18:27:34.242460
T00792,C0026,49449.55,WITHDRAWAL,2026-02-04 09:07:35.409971
T00793,C0012,77818.33,CRYPTO,2026-05-07 12:09:58.164866
T00794,C0098,471430.08,CRYPTO,2026-01-11 22:34:46.878263
T00795,C0038,89363.66,PAYMENT,2026-03-24 14:27:08.425094
T00796,C0011,336799.7,CRYPTO,2026-02-03 17:50:29.628374
T00797,C0087,272627.13,WITHDRAWAL,2026-01-04 02:50:11.898523
T00798,C0003,457720.25,TRANSFER,2026-03-16 13:05:12.737253
T00799,C0012,195054.65,TRANSFER,2026-04-23 04:47:34.223049
T00800,C0039,44130.97,WITHDRAWAL,2026-03-28 22:07:05.594581
T00801,C0002,237919.74,PAYMENT,2026-06-02 21:02:25.885788
T00802,C0042,215450.98,WITHDRAWAL,2026-04-24 07:59:14.676397
T00803,C0091,175339.06,PAYMENT,2026-04-04 20:36:52.910524
T00804,C0052,403115.95,WITHDRAWAL,2026-04-29 07:21:57.692724
T00805,C0021,115754.64,TRANSFER,2026-02-02 16:55:59.167532
T00806,C0033,318616.46,CRYPTO,2026-03-02 18:28:20.648541
T00807,C0006,420322.01,CRYPTO,2026-02-06 09:24:05.337119
T00808,C0051,135784.18,WITHDRAWAL,2026-04-25 03:03:57.063351
T00809,C0059,357394.41,TRANSFER,2026-04-05 23:11:23.630056
T00810,C0075,116871.56,TRANSFER,2026-01-08 00:16:16.710090
T00811,C0051,85830.74,PAYMENT,2026-01-22 11:25:21.851874
T00812,C0068,442270.89,WITHDRAWAL,2026-05-01 06:55:29.564564
T00813,C0013,305988.89,PAYMENT,2026-01-10 04:47:13.795214
T00814,C0034,47811.99,CRYPTO,2026-03-19 22:05:08.623331
T00815,C0058,3532.61,CRYPTO,2026-05-01 10:17:01.204144
T00816,C0014,393840.45,TRANSFER,2026-05-19 07:51:13.902784
T00817,C0032,294422.97,PAYMENT,2026-04-28 18:26:23.667169
T00818,C0057,177446.03,WITHDRAWAL,2026-05-15 09:18:29.768153
T00819,C0036,247153.16,WITHDRAWAL,2026-06-03 09:32:37.436497
T00820,C0063,212682.98,WITHDRAWAL,2026-02-08 07:53:09.180684
T00821,C0033,136101.81,PAYMENT,2026-05-11 16:21:35.531111
T00822,C0060,40503.92,CRYPTO,2026-01-26 00:24:07.844692
T00823,C0043,198595.19,CRYPTO,2026-05-09 19:44:33.180398
T00824,C0099,150756.33,WITHDRAWAL,2026-05-04 03:14:24.691707
T00825,C0002,441028.48,PAYMENT,2026-05-02 19:26:03.113535
T00826,C0039,342756.93,CRYPTO,2026-01-27 05:05:23.413741
T00827,C0079,81837.1,PAYMENT,2026-01-30 16:38:25.778898
T00828,C0066,334807.25,WITHDRAWAL,2026-02-20 03:53:03.084757
T00829,C0086,39055.54,WITHDRAWAL,2026-03-06 09:07:24.456391
T00830,C0023,118198.23,WITHDRAWAL,2026-05-30 04:12:57.163363
T00831,C0012,401059.73,WITHDRAWAL,2026-04-18 05:45:18.080071
T00832,C0046,348147.67,TRANSFER,2026-01-31 20:11:52.082037
T00833,C0072,355617.75,WITHDRAWAL,2026-01-20 14:36:27.621677
T00834,C0025,121670.71,CRYPTO,2026-04-02 23:50:46.827882
T00835,C0034,167572.64,WITHDRAWAL,2026-03-22 05:42:43.057254
T00836,C0047,335089.15,CRYPTO,2026-05-11 01:13:30.749477
T00837,C0002,108577.61,TRANSFER,2026-03-10 13:07:29.329820
T00838,C0021,91814.03,PAYMENT,2026-01-03 09:18:45.446409
T00839,C0016,99363.33,TRANSFER,2026-02-10 04:55:28.522819
T00840,C0098,194606.36,TRANSFER,2026-04-13 13:26:30.511840
T00841,C0013,39156.88,CRYPTO,2026-03-20 14:32:26.722603
T00842,C0053,8807.26,WITHDRAWAL,2026-01-03 10:58:39.213419
T00843,C0045,477532.6,PAYMENT,2026-01-17 20:35:55.025569
T00844,C0021,241765.09,TRANSFER,2026-01-22 16:33:03.014604
T00845,C0016,259104.53,TRANSFER,2026-01-14 05:51:15.389922
T00846,C0052,155315.91,WITHDRAWAL,2026-03-25 11:39:13.678755
T00847,C0041,486960.03,TRANSFER,2026-04-17 17:32:30.515022
T00848,C0029,475608.97,CRYPTO,2026-06-02 21:07:32.557486
T00849,C0069,303013.05,PAYMENT,2026-01-01 13:06:12.144201
T00850,C0076,291573.97,TRANSFER,2026-03-26 13:22:27.615152
T00851,C0066,496750.81,TRANSFER,2026-05-03 01:13:00.628612
T00852,C0076,400021.68,WITHDRAWAL,2026-05-08 02:14:46.231732
T00853,C0060,307465.42,WITHDRAWAL,2026-05-05 11:32:00.333437
T00854,C0068,202313.8,WITHDRAWAL,2026-04-29 06:46:31.457268
T00855,C0034,151328.98,WITHDRAWAL,2026-01-15 01:27:38.443430
T00856,C0003,35984.93,TRANSFER,2026-01-15 12:41:56.455372
T00857,C0098,484797.14,WITHDRAWAL,2026-01-08 11:35:47.762120
T00858,C0052,98264.66,TRANSFER,2026-01-16 15:00:57.570915
T00859,C0035,144181.72,WITHDRAWAL,2026-01-21 11:15:12.847694
T00860,C0014,40278.07,PAYMENT,2026-01-30 10:07:08.517430
T00861,C0003,108037.67,WITHDRAWAL,2026-04-15 21:26:58.060732
T00862,C0025,23107.28,WITHDRAWAL,2026-05-09 19:47:06.522736
T00863,C0030,444218.53,PAYMENT,2026-06-13 05:53:46.830937
T00864,C0034,2976.11,CRYPTO,2026-04-07 04:26:09.749780
T00865,C0091,10491.08,TRANSFER,2026-03-26 08:18:13.991391
T00866,C0046,109510.99,WITHDRAWAL,2026-05-25 11:59:48.957343
T00867,C0026,360267.52,PAYMENT,2026-03-30 22:32:12.917260
T00868,C0070,445421.43,WITHDRAWAL,2026-03-14 17:25:24.736439
T00869,C0091,276177.43,CRYPTO,2026-03-21 16:29:16.739311
T00870,C0014,474889.5,WITHDRAWAL,2026-03-21 17:01:29.756366
T00871,C0068,492421.33,WITHDRAWAL,2026-05-29 04:03:20.108716
T00872,C0054,404370.05,TRANSFER,2026-05-20 08:51:59.769759
T00873,C0035,21069.21,CRYPTO,2026-03-15 07:59:11.332223
T00874,C0055,363126.49,TRANSFER,2026-04-24 16:50:09.121752
T00875,C0060,56073.46,WITHDRAWAL,2026-06-07 02:42:04.411511
T00876,C0030,145113.04,CRYPTO,2026-05-26 03:54:17.351627
T00877,C0068,46199.76,WITHDRAWAL,2026-06-11 12:23:19.597718
T00878,C0097,480154.04,PAYMENT,2026-03-31 09:46:28.564336
T00879,C0082,80636.28,WITHDRAWAL,2026-03-12 19:48:48.504709
T00880,C0020,48543.95,CRYPTO,2026-02-12 16:03:11.235579
T00881,C0078,376395.17,PAYMENT,2026-03-20 14:40:14.061908
T00882,C0067,35660.98,WITHDRAWAL,2026-03-15 10:04:14.979451
T00883,C0032,167638.19,TRANSFER,2026-04-27 01:12:11.610098
T00884,C0011,7981.0,CRYPTO,2026-02-20 12:10:41.125365
T00885,C0081,364122.86,PAYMENT,2026-04-10 23:58:09.815483
T00886,C0044,478193.79,WITHDRAWAL,2026-02-28 18:30:07.415943
T00887,C0085,386311.31,WITHDRAWAL,2026-02-09 08:26:55.513670
T00888,C0072,344238.82,PAYMENT,2026-05-16 09:18:57.304175
T00889,C0034,402705.79,CRYPTO,2026-01-11 09:21:33.056018
T00890,C0003,397776.7,TRANSFER,2026-05-06 23:17:16.221370
T00891,C0078,228763.73,PAYMENT,2026-04-04 21:21:39.656718
T00892,C0032,156757.03,WITHDRAWAL,2026-04-28 17:20:36.622361
T00893,C0095,365176.67,WITHDRAWAL,2026-05-21 14:47:22.103806
T00894,C0013,129295.57,PAYMENT,2026-01-09 20:07:25.283212
T00895,C0066,112424.57,PAYMENT,2026-04-02 18:01:08.931719
T00896,C0004,497419.33,PAYMENT,2026-03-10 21:18:40.327358
T00897,C0084,4489.83,TRANSFER,2026-02-19 04:55:58.971346
T00898,C0029,248211.14,PAYMENT,2026-03-13 05:25:24.653871
T00899,C0018,20403.68,CRYPTO,2026-06-09 14:55:16.964282
T00900,C0027,281950.41,CRYPTO,2026-06-13 02:47:49.969121
T00901,C0011,92819.68,TRANSFER,2026-05-18 09:49:24.071890
T00902,C0089,340669.01,PAYMENT,2026-01-26 04:26:07.730893
T00903,C0044,97353.39,PAYMENT,2026-04-30 03:49:17.103920
T00904,C0022,51407.65,PAYMENT,2026-05-26 07:23:48.899608
T00905,C0010,54360.64,PAYMENT,2026-05-04 17:19:30.394661
T00906,C0006,416236.97,WITHDRAWAL,2026-02-02 07:17:44.749036
T00907,C0065,417146.07,CRYPTO,2026-03-14 19:56:03.574584
T00908,C0031,100293.86,PAYMENT,2026-03-02 14:12:51.012446
T00909,C0096,343954.63,CRYPTO,2026-01-17 18:47:15.747941
T00910,C0052,487399.73,TRANSFER,2026-04-19 19:41:45.712844
T00911,C0086,138656.21,WITHDRAWAL,2026-01-17 16:12:29.831467
T00912,C0054,458745.47,CRYPTO,2026-05-20 14:37:23.057198
T00913,C0099,346718.29,TRANSFER,2026-02-15 20:45:55.833178
T00914,C0002,251395.91,TRANSFER,2026-01-02 14:01:21.274052
T00915,C0033,254476.52,CRYPTO,2026-06-06 18:15:05.391286
T00916,C0085,31547.73,TRANSFER,2026-04-13 05:31:01.231116
T00917,C0002,364128.04,WITHDRAWAL,2026-01-17 12:38:55.501307
T00918,C0004,116581.41,PAYMENT,2026-06-05 04:10:18.243326
T00919,C0049,115218.68,WITHDRAWAL,2026-04-23 11:52:51.937463
T00920,C0019,403056.26,PAYMENT,2026-05-02 06:02:40.260054
T00921,C0051,237268.73,CRYPTO,2026-04-10 09:06:16.879142
T00922,C0060,240800.06,CRYPTO,2026-01-30 01:41:38.124099
T00923,C0042,58791.62,CRYPTO,2026-03-23 13:52:44.593990
T00924,C0039,38336.98,WITHDRAWAL,2026-01-17 20:59:25.490654
T00925,C0016,335348.91,TRANSFER,2026-05-12 17:18:13.399996
T00926,C0094,223848.52,CRYPTO,2026-04-10 13:51:12.163714
T00927,C0055,94373.6,PAYMENT,2026-04-09 04:32:06.161662
T00928,C0042,269509.58,PAYMENT,2026-04-11 02:26:06.529120
T00929,C0040,240398.83,TRANSFER,2026-01-13 14:55:07.317379
T00930,C0094,116746.4,PAYMENT,2026-03-29 22:04:11.712821
T00931,C0063,430425.09,TRANSFER,2026-04-02 04:56:35.536607
T00932,C0086,393354.89,PAYMENT,2026-01-18 10:37:26.572186
T00933,C0088,119043.73,CRYPTO,2026-04-10 01:05:07.358588
T00934,C0012,450916.9,WITHDRAWAL,2026-05-31 06:42:11.106106
T00935,C0036,50649.07,TRANSFER,2026-01-03 19:02:12.929758
T00936,C0033,203183.19,TRANSFER,2026-01-09 10:06:46.963696
T00937,C0085,16594.74,TRANSFER,2026-05-07 05:41:35.225779
T00938,C0064,375747.94,CRYPTO,2026-01-12 02:18:15.325057
T00939,C0074,104321.14,WITHDRAWAL,2026-05-19 18:13:47.469401
T00940,C0006,153834.74,CRYPTO,2026-06-03 17:58:55.960045
T00941,C0057,181893.07,PAYMENT,2026-03-09 13:36:28.879158
T00942,C0044,106074.24,PAYMENT,2026-04-07 07:58:41.676245
T00943,C0064,291663.14,WITHDRAWAL,2026-03-05 16:53:52.986021
T00944,C0020,437082.36,CRYPTO,2026-03-27 17:31:00.486732
T00945,C0085,435799.61,PAYMENT,2026-03-10 06:46:36.536045
T00946,C0082,32047.23,CRYPTO,2026-05-05 00:02:22.493837
T00947,C0051,110609.14,CRYPTO,2026-03-26 20:14:45.713840
T00948,C0013,228006.46,TRANSFER,2026-03-10 14:11:58.081517
T00949,C0090,112462.97,TRANSFER,2026-01-17 23:25:36.752697
T00950,C0056,55148.73,WITHDRAWAL,2026-01-21 22:19:42.361890
T00951,C0072,155058.29,WITHDRAWAL,2026-05-11 13:54:23.436180
T00952,C0086,253452.58,WITHDRAWAL,2026-03-26 01:01:50.356894
T00953,C0087,423421.45,TRANSFER,2026-06-12 14:41:01.110487
T00954,C0091,319535.93,CRYPTO,2026-04-17 12:21:53.410697
T00955,C0035,310927.95,CRYPTO,2026-03-01 22:53:39.365479
T00956,C0016,47441.04,PAYMENT,2026-02-18 00:49:37.475926
T00957,C0068,392054.35,TRANSFER,2026-05-03 05:15:00.123713
T00958,C0062,125572.55,WITHDRAWAL,2026-03-20 02:41:39.371234
T00959,C0083,119682.04,WITHDRAWAL,2026-04-03 20:33:20.696629
T00960,C0081,265309.15,TRANSFER,2026-02-27 18:24:38.697874
T00961,C0055,224499.2,WITHDRAWAL,2026-01-06 01:51:33.026583
T00962,C0070,348823.57,WITHDRAWAL,2026-04-15 05:49:56.245127
T00963,C0093,489802.35,CRYPTO,2026-04-21 00:34:11.525618
T00964,C0054,145232.23,CRYPTO,2026-04-01 16:41:46.434818
T00965,C0088,190270.68,PAYMENT,2026-04-21 18:22:41.093558
T00966,C0045,275294.17,WITHDRAWAL,2026-01-10 12:05:58.313123
T00967,C0083,117679.16,TRANSFER,2026-02-11 12:54:39.745193
T00968,C0056,453002.33,PAYMENT,2026-06-09 10:06:28.519855
T00969,C0029,322859.39,CRYPTO,2026-05-07 22:22:23.712699
T00970,C0029,146165.86,PAYMENT,2026-05-19 01:38:10.945214
T00971,C0065,410893.46,PAYMENT,2026-04-02 17:02:44.153276
T00972,C0049,101966.92,TRANSFER,2026-04-26 17:48:21.134833
T00973,C0044,327604.75,PAYMENT,2026-02-17 05:05:58.621005
T00974,C0054,348779.67,CRYPTO,2026-01-22 02:29:30.475925
T00975,C0025,274818.6,TRANSFER,2026-03-29 11:20:30.720246
T00976,C0078,160783.38,PAYMENT,2026-02-14 04:50:44.449184
T00977,C0051,137307.3,CRYPTO,2026-04-08 10:53:17.872884
T00978,C0043,329292.62,WITHDRAWAL,2026-02-14 22:03:45.940146
T00979,C0027,482607.24,CRYPTO,2026-03-05 11:28:43.021091
T00980,C0001,406581.21,CRYPTO,2026-06-04 04:50:27.182111
T00981,C0019,256757.7,WITHDRAWAL,2026-02-09 13:25:45.702842
T00982,C0099,441618.69,CRYPTO,2026-02-04 13:40:09.127767
T00983,C0054,470573.37,WITHDRAWAL,2026-03-12 19:18:37.427721
T00984,C0044,18741.19,PAYMENT,2026-03-20 22:40:15.349736
T00985,C0057,260895.66,WITHDRAWAL,2026-01-29 09:14:46.864514
T00986,C0066,230820.01,WITHDRAWAL,2026-05-18 00:38:27.635484
T00987,C0061,86936.23,TRANSFER,2026-02-21 11:00:17.391702
T00988,C0030,145019.58,PAYMENT,2026-01-15 03:40:41.321582
T00989,C0089,300667.79,CRYPTO,2026-02-01 14:00:46.850044
T00990,C0067,205896.44,PAYMENT,2026-05-18 23:15:22.624792
T00991,C0086,106940.09,WITHDRAWAL,2026-03-04 22:44:10.872513
T00992,C0010,142306.62,CRYPTO,2026-03-08 07:02:48.524392
T00993,C0005,263724.33,CRYPTO,2026-02-13 12:17:36.775144
T00994,C0014,418118.85,CRYPTO,2026-04-07 22:05:40.637159
T00995,C0052,495752.56,TRANSFER,2026-04-20 18:43:57.161394
T00996,C0066,75816.09,WITHDRAWAL,2026-01-10 15:29:34.718062
T00997,C0077,330584.27,WITHDRAWAL,2026-01-02 09:38:00.606825
T00998,C0008,246238.65,TRANSFER,2026-04-30 00:39:29.822001
T00999,C0040,312766.72,TRANSFER,2026-03-04 15:56:21.925223
T01000,C0031,307569.29,PAYMENT,2026-04-23 05:02:29.740565
